{"cameraMode":{"drawMode":0,"name":"Shaded","section":"Shading Mode"},"sceneLighting":false,"audioPlay":false,"sceneViewState":{"m_AlwaysRefresh":false,"showFog":true,"showSkybox":true,"showFlares":true,"showImageEffects":true,"showParticleSystems":true,"showVisualEffectGraphs":true,"m_FxEnabled":true},"in2DMode":false,"pivot":{"x":7.898782253265381,"y":-0.7640120983123779,"z":0.5636382102966309},"rotation":{"x":-0.049568817019462588,"y":0.9473927617073059,"z":-0.25914156436920168,"w":-0.18122026324272157},"size":3.5226335525512697,"orthographic":false}